fecha, algoritmo, video, TE: HOTA, TE: DetA, TE: AssA, TE: DetRe, TE: DetPr, TE: AssRe, TE: AssPr, TE: LocA, TE: IDF1, TE: IDR, TE: IDP, TE: IDTP, TE: IDFN, TE: IDFP, TE: SFDA, TE: ATA, MP: F1 Score Detecciones, MP: Precision Detecciones, MP: Recall Detecciones, MP: Max Personas Detectadas/Esperadas, HM: Error[%], Carpeta
20230129-223841, object_detection/yolox, ../data/videos/59.mp4, 22.802, 27.41, 19.65, 28.18, 75.112, 20.941, 57.925, 79.102, 26.946, 18.528, 49.385, 803, 3531, 823, 39.879, 12.435, 0.5393268024739415, 0.9995458673932789, 0.38095238095238093, 4/7, 0.9296358985453759, ../resultados/yolox/20230129-223841
20230129-224325, object_tracking/siam-mot, ../data/videos/59.mp4, 48.537, 37.91, 62.754, 43.011, 62.807, 67.443, 74.711, 76.348, 61.052, 51.431, 75.101, 2229, 2105, 739, 50.31, 34.684, 0.6451531665428123, 0.8063351498637602, 0.5629622421175555, 6/7, 0.946978779152402, ../resultados/siam-mot/20230129-224325
20230130-000655, object_detection/yolov2, ../data/videos/59.mp4, 2.8493, 1.2952, 6.2703, 1.3528, 21.477, 7.7656, 22.883, 72.833, 3.0389, 1.6151, 25.641, 70, 4264, 203, 2.3341, 1.5895, 0.02912936291682886, 0.7463669391462306, 0.017555469054106657, 3/7, 7.5033132837190335, ../resultados/yolov2/20230130-000655
20230130-001339, object_detection/yolov3, ../data/videos/59.mp4, 30.427, 20.793, 45.454, 21.389, 70.817, 53.529, 61.428, 76.99, 39.376, 25.635, 84.874, 1111, 3223, 198, 32.176, 25.528, 0.4550808788547208, 0.9952316076294278, 0.3064940962761126, 3/7, 0.9034254369701696, ../resultados/yolov3/20230130-001339
20230130-002709, object_detection/yolov1-tiny, ../data/videos/59.mp4, 0.070822, 0.029145, 0.17209, 0.029145, 31.579, 0.17209, 31.579, 78.484, 0, 0, 0, 0, 4334, 4, 0.049619, 0, 0.0, 0.9945504087193461, 0.0, 1/7, 0.062271013111805995, ../resultados/yolov1-tiny/20230130-002709
20230130-013908, object_detection/pedestrian_detection, ../data/videos/59.mp4, 23.127, 14.425, 37.085, 14.569, 80.436, 45.18, 55.157, 81.945, 23.872, 14.098, 77.834, 611, 3723, 174, 24.012, 14.73, 0.30077635050387097, 0.9990917347865577, 0.18363825094070327, 3/7, 0.11623577497515432, ../resultados/pedestrian_detection/20230130-013908
